<?xml version="1.0"?>
<config xmlns:xsi="http://www.w3.org/2001/XMLSchema-instance" xsi:noNamespaceSchemaLocation="urn:magento:framework:ObjectManager/etc/config.xsd">
    <!-- ###############################################################################################-->
    <!-- ################                        SECURE FIELDS                          ################-->
    <!-- ###############################################################################################-->
    <virtualType name="EwayRapidSecureFieldsFormBlock" type="\Eway\EwayRapid\Block\Adminhtml\Cc">
        <arguments>
            <argument name="data" xsi:type="array">
                <item name="jsLayout" xsi:type="array">
                    <item name="components" xsi:type="array">
                        <item name="paymentFormEwayrapid" xsi:type="array">
                            <item name="component" xsi:type="string">Eway_SecureFields/js/view/payment/securefields</item>
                        </item>
                    </item>
                </item>
            </argument>
        </arguments>
    </virtualType>
</config>
