<?xml version="1.0"?>
<!--
/**
 * Copyright © Karliuka Vitalii(karliuka.vitalii@gmail.com)
 * See COPYING.txt for license details.
 */
-->
<config xmlns:xsi="http://www.w3.org/2001/XMLSchema-instance"
    xsi:noNamespaceSchemaLocation="urn:magento:framework:Module/etc/module.xsd">
    <module name="Faonni_ShippingTweaks" setup_version="2.4.1">
        <sequence>
            <module name="Magento_Config"/>
            <module name="Magento_Quote"/>
            <module name="Magento_Store"/>
            <module name="Magento_Shipping"/>
        </sequence>
    </module>
</config>
