<?xml version="1.0"?>
<config xmlns:xsi="http://www.w3.org/2001/XMLSchema-instance" xsi:noNamespaceSchemaLocation="urn:magento:framework:ObjectManager/etc/config.xsd">
    <!-- ###############################################################################################-->
    <!-- ################                     TRANSPARENT REDIRECT                      ################-->
    <!-- ###############################################################################################-->

    <!-- Fallback to IFrame in admin -->
    <virtualType name="EwayRapidTransparentMycardForm" type="\Magento\Framework\View\Element\Template">
        <arguments>
            <argument name="data" xsi:type="array">
                <item name="template" xsi:type="string">Eway_IFrame::form/mycard.phtml</item>
            </argument>
        </arguments>
    </virtualType>
</config>
