<?xml version="1.0"?>
<config xmlns:xsi="http://www.w3.org/2001/XMLSchema-instance" xsi:noNamespaceSchemaLocation="urn:magento:module:Magento_Config:etc/system_file.xsd">
    <system>
        <section id="payment">
            <group id="ewayrapid">
                <field id="enable_paypal" translate="label" type="select" sortOrder="83" showInDefault="1" showInWebsite="1" showInStore="0" canRestore="1">
                    <label>Enable PayPal</label>
                    <source_model>Magento\Config\Model\Config\Source\Yesno</source_model>
                    <depends>
                        <field id="connection_type">transparent</field>
                    </depends>
                </field>
                <field id="enable_masterpass" translate="label" type="select" sortOrder="84" showInDefault="1" showInWebsite="1" showInStore="0" canRestore="1">
                    <label>Enable MasterPass</label>
                    <source_model>Magento\Config\Model\Config\Source\Yesno</source_model>
                    <depends>
                        <field id="connection_type">transparent</field>
                    </depends>
                </field>
                <field id="enable_visa_checkout" translate="label" type="select" sortOrder="85" showInDefault="1" showInWebsite="1" showInStore="0" canRestore="1">
                    <label>Enable Visa Checkout</label>
                    <source_model>Magento\Config\Model\Config\Source\Yesno</source_model>
                    <depends>
                        <field id="connection_type" separator=",">transparent,direct</field>
                    </depends>
                </field>
                <field id="visa_checkout_apikey" translate="label" type="text" sortOrder="86" showInDefault="1" showInWebsite="1" showInStore="0">
                    <label>Visa Checkout Api Key</label>
                    <depends>
                        <field id="connection_type" separator=",">transparent,direct</field>
                        <field id="enable_visa_checkout">1</field>
                    </depends>
                </field>
                <field id="enable_amex_checkout" translate="label" type="select" sortOrder="87" showInDefault="1" showInWebsite="1" showInStore="0" canRestore="1">
                    <label>Enable AMEX Express Checkout</label>
                    <source_model>Magento\Config\Model\Config\Source\Yesno</source_model>
                    <depends>
                        <field id="connection_type">transparent</field>
                    </depends>
                </field>
            </group>
        </section>
    </system>
</config>
