{
    "commit-msg": {
        "enabled": false,
        "actions": []
    },
    "pre-push": {
        "enabled": false,
        "actions": []
    },
    "pre-commit": {
        "enabled": true,
        "actions": [
            {
                "action": "\\CaptainHook\\App\\Hook\\PHP\\Action\\Linting",
                "options": [],
                "conditions": []
            },
            {
                "action": "vendor/bin/phpcs --standard=psr2 src",
                "options": [],
                "conditions": []
            },
            {
                "action": "vendor/bin/phpcs --config-set installed_paths ../../magento/magento-coding-standard/ && vendor/bin/phpcs --standard=Magento2 src",
                "options": [],
                "conditions": []
            },
            {
                "action": "vendor/bin/phpstan analyse src/ -l 4",
                "options": [],
                "conditions": []
            }
        ]
    },
    "prepare-commit-msg": {
        "enabled": false,
        "actions": []
    },
    "post-commit": {
        "enabled": false,
        "actions": []
    },
    "post-merge": {
        "enabled": false,
        "actions": []
    },
    "post-checkout": {
        "enabled": false,
        "actions": []
    }
}
