<?xml version="1.0"?>
<config xmlns:xsi="http://www.w3.org/2001/XMLSchema-instance" xsi:noNamespaceSchemaLocation="urn:magento:module:Magento_Config:etc/system_file.xsd">
    <system>
        <section id="payment">
            <group id="ewayrapid">
                <field id="beagle_verify_email" translate="label" type="select" sortOrder="83" showInDefault="1" showInWebsite="1" showInStore="0" canRestore="1">
                    <label>Eway Fraud Verify Email</label>
                    <source_model>Magento\Config\Model\Config\Source\Yesno</source_model>
                    <depends>
                        <field id="connection_type">sharedpage</field>
                    </depends>
                </field>
                <field id="beagle_verify_phone" translate="label" type="select" sortOrder="84" showInDefault="1" showInWebsite="1" showInStore="0" canRestore="1">
                    <label>Eway Fraud Verify Phone</label>
                    <source_model>Magento\Config\Model\Config\Source\Yesno</source_model>
                    <depends>
                        <field id="connection_type">sharedpage</field>
                    </depends>
                </field>
                <field id="sharedpage_theme" translate="label" type="select" sortOrder="85" showInDefault="1" showInWebsite="1" showInStore="0" canRestore="1">
                    <label>Shared Page Theme</label>
                    <source_model>\Eway\SharedPage\Model\Config\Source\SharedPageTheme</source_model>
                    <depends>
                        <field id="connection_type">sharedpage</field>
                    </depends>
                </field>
            </group>
        </section>
    </system>
</config>
